customer_id,customer_name,email,registration_date,customer_type
1,Brian Yang,johnsonjoshua@example.org,2026-02-28,REGULAR
2,Jonathan Johnson,garzaanthony@example.org,2023-03-19,REGULAR
3,Abigail Shaffer,lrobinson@example.com,2025-02-12,VIP
4,Brent Abbott,joshua35@example.org,2023-10-09,VIP
5,Edward Fuller,blairamanda@example.com,2024-08-06,REGULAR
6,Victoria Wyatt,janetwilliams@example.org,2022-05-19,REGULAR
7,Henry Santiago,oramirez@example.com,2022-02-16,REGULAR
8,William Bowman,amandasanchez@example.com,2026-04-05,VIP
9,Andrew Stewart,gabriellecameron@example.org,2023-10-19,REGULAR
10,Matthew Foster,clarksherri@example.net,2025-06-04,VIP
11,Nicole Patterson,josephwright@example.net,2026-06-26,REGULAR
12,Peter Callahan Jr.,icox@example.net,2022-11-19,PREMIUM
13,Julie King,ycarlson@example.com,2026-03-24,REGULAR
14,Patricia Peterson,frazierdanny@example.net,2024-01-07,REGULAR
15,Deborah Mason,amoore@example.net,2023-01-16,PREMIUM
16,Christina Brooks,harrellkenneth@example.net,2022-11-23,REGULAR
17,Sherry Decker,georgetracy@example.org,2024-02-20,PREMIUM
18,John Jones,brianhumphrey@example.org,2026-01-20,PREMIUM
19,Joseph Obrien,davidalvarez@example.net,2023-04-29,PREMIUM
20,Jessica Holmes,jenniferross@example.net,2022-07-20,REGULAR
21,Leah Smith,jeffreymorgan@example.net,2022-01-08,VIP
22,David Caldwell,carlosjohnson@example.com,2023-05-06,PREMIUM
23,Richard Aguirre,jenniferkhan@example.net,2023-02-21,PREMIUM
24,Scott Brown,davisryan@example.com,2022-05-11,VIP
25,Connor West,powellmatthew@example.org,2025-02-09,PREMIUM
26,Scott Pierce,joshuawright@example.org,2021-12-14,VIP
27,John Lewis,novaksara@example.org,2024-12-06,VIP
28,Richard Gibson,martinaaron@example.com,2025-02-13,PREMIUM
29,Lauren Daniels,smoore@example.org,2024-03-10,REGULAR
30,Tyler Miller,williamsthomas@example.net,2023-02-07,PREMIUM
31,Todd Hudson,larsonemma@example.org,2026-06-12,VIP
32,Emily Green,harveyrobert@example.net,2024-03-12,REGULAR
33,Eugene Walton,josephanderson@example.net,2022-02-20,REGULAR
34,Daniel Baker,ellisyolanda@example.org,2024-06-28,VIP
35,Joshua Turner,suarezmike@example.org,2026-01-08,VIP
36,Shawn Baker,contrerasangela@example.net,2022-06-07,VIP
37,Michael Farrell,josephjacobs@example.net,2025-10-27,VIP
38,Sandra Williams,dking@example.org,2024-05-11,PREMIUM
39,Michael Hoffman,danagreen@example.net,2022-06-22,VIP
40,Sandra Aguilar,landryhannah@example.org,2022-10-13,REGULAR
41,Rebecca Valencia,tanderson@example.com,2024-07-25,REGULAR
42,Stacey Russell,evelynestrada@example.com,2022-11-02,REGULAR
43,Allison Doyle,michellecherry@example.org,2024-05-07,PREMIUM
44,Richard Rodriguez,vpham@example.org,2021-11-07,REGULAR
45,Robert Perez,dwalker@example.com,2021-09-21,VIP
46,Diana May,raymondramirez@example.org,2024-12-02,PREMIUM
47,Victoria Johnson,sheila14@example.org,2025-03-21,PREMIUM
48,Mrs. Stephanie Lee,jessica56@example.net,2021-11-24,VIP
49,Teresa Mclaughlin,zsmith@example.net,2023-03-14,PREMIUM
50,Belinda Mccullough,ryan59@example.com,2025-11-01,VIP
51,Cameron Fisher,elizabeth56@example.net,2024-09-29,PREMIUM
52,Elizabeth Clark,christinaturner@example.net,2026-06-15,PREMIUM
53,Steven Flynn,steven73@example.net,2022-12-19,PREMIUM
54,Robert Potter,campbellelizabeth@example.net,2024-02-29,REGULAR
55,John Atkinson,lindsayhernandez@example.org,2022-02-21,REGULAR
56,Michael Snyder,operry@example.net,2023-08-07,REGULAR
57,Colleen Brock,dianasmith@example.org,2025-12-05,REGULAR
58,Robert Contreras,pwilliams@example.org,2026-04-11,PREMIUM
59,Jessica Meadows,stephanie79@example.net,2025-04-25,PREMIUM
60,Sara Ramirez,juliawells@example.com,2025-12-15,PREMIUM
61,Dustin Nelson,rsims@example.com,2024-03-29,VIP
62,Daniel Perry,taylorjesse@example.net,2024-05-03,REGULAR
63,Randy Shah,nperry@example.com,2021-09-08,REGULAR
64,Sarah Ashley,wwoods@example.com,2025-01-31,VIP
65,George Shelton,tracynelson@example.com,2024-12-17,VIP
66,Susan Vargas,marycalhoun@example.net,2021-10-02,PREMIUM
67,David Murphy,dayderek@example.com,2025-05-22,PREMIUM
69,Tyler Williams,cookemichael@example.net,2021-10-14,PREMIUM
70,John Wilson,jamessmith@example.org,2023-05-18,REGULAR
71,Lawrence Adkins,xlyons@example.com,2022-06-30,REGULAR
72,Laura Odonnell,tamirodriguez@example.org,2024-09-18,PREMIUM
73,Sandra Sanchez,mdavid@example.org,2024-02-01,VIP
74,Jeffrey Wood,hoganashlee@example.org,2025-10-28,REGULAR
75,Jack Snow,alexander67@example.org,2025-06-07,REGULAR
76,Robert Medina,ryangross@example.net,2025-08-20,VIP
77,Samuel Rivas,ugraham@example.net,2022-04-05,VIP
78,Jamie Johnson,nicole37@example.net,2024-04-14,REGULAR
79,Spencer Haynes,tonykelly@example.com,2023-11-15,PREMIUM
80,Katherine Chang,blackjames@example.org,2025-07-28,PREMIUM
81,Jared Sanchez,bwest@example.org,2026-06-20,REGULAR
82,Krista Bell MD,thomas85@example.com,2024-02-17,REGULAR
83,Tiffany Vaughn,jerry35@example.org,2023-02-25,PREMIUM
84,Kelly Campbell,joannahill@example.net,2022-05-18,VIP
85,Joseph Hill,kennethward@example.com,2021-12-26,REGULAR
86,Laura Harrison,heidi27@example.org,2025-04-08,VIP
87,Austin Vasquez,jack04@example.com,2026-06-06,VIP
88,David Grant,hernandezlisa@example.com,2025-01-23,PREMIUM
89,Kevin Patterson,kimberlyjames@example.com,2026-05-11,VIP
90,Deborah Miller,lynchjody@example.org,2023-07-25,VIP
91,Kirk Carter,andreamoore@example.com,2023-06-29,PREMIUM
92,Dennis Moody,jasmine71@example.net,2023-03-16,VIP
93,Derek Thomas,owilson@example.net,2022-01-11,PREMIUM
94,Jessica Harrison,lauralarson@example.net,2024-02-09,PREMIUM
95,Bobby Williams MD,gbender@example.net,2024-04-06,REGULAR
96,Yvonne Chambers,anthony39@example.net,2023-10-25,REGULAR
97,Sydney White,hinesgregory@example.net,2026-07-02,REGULAR
98,Jason Morris,fwalters@example.org,2022-05-30,REGULAR
99,Jennifer Hodges,marksteele@example.com,2021-11-01,VIP
100,Raymond Hancock,qmiller@example.com,2021-07-13,REGULAR
101,Peter Garrett,mgutierrez@example.net,2021-12-17,PREMIUM
102,Michael Martinez,josephanderson@example.com,2023-07-23,REGULAR
103,Willie Durham,lancesmith@example.com,2025-06-12,PREMIUM
104,Michael Perry,hollanderic@example.net,2025-08-17,REGULAR
105,Thomas Romero,jsanchez@example.org,2022-09-07,VIP
106,Richard Adams,hillkristy@example.com,2021-07-17,REGULAR
107,Charles Ryan MD,jessica99@example.net,2026-03-20,PREMIUM
108,Mrs. Janet Chase,ugibson@example.org,2025-01-06,REGULAR
109,Matthew Hoover,floresthomas@example.com,2022-10-25,PREMIUM
110,Evelyn Garcia,ihanna@example.net,2025-04-07,PREMIUM
111,Seth Booker,foxstephen@example.net,2022-02-27,REGULAR
112,Jennifer Miller,qharrington@example.com,2024-04-25,VIP
113,Katherine Weaver,ofinley@example.net,2022-02-07,PREMIUM
114,Jessica Garcia,crystalmccall@example.org,2022-05-18,REGULAR
115,Robert Carter,tjackson@example.org,2024-09-16,REGULAR
116,Rebecca Jackson,hthomas@example.com,2022-03-12,REGULAR
117,Briana Murray,pharvey@example.com,2023-09-07,PREMIUM
118,Megan Moore,ascott@example.com,2025-04-12,REGULAR
119,Ryan Gonzalez,vanessa46@example.net,2024-10-17,VIP
120,Edward Lyons,yrodriguez@example.net,2021-09-16,VIP
121,Valerie Lozano,khill@example.net,2025-09-30,REGULAR
122,Connor King,kimberly39@example.com,2022-09-07,REGULAR
123,Amanda Diaz,bergerdebbie@example.com,2022-08-22,PREMIUM
124,Carlos Ryan,browningmark@example.com,2024-08-19,PREMIUM
125,Gina Wilson,maria47@example.com,2022-02-28,REGULAR
126,Veronica Coffey,karenperez@example.net,2026-04-06,PREMIUM
127,Jordan Chambers,christopher60@example.com,2023-10-02,PREMIUM
128,Kaitlyn Harvey,xcarson@example.org,2026-04-19,VIP
129,Susan Turner,rose31@example.net,2024-12-29,VIP
130,Audrey Young DDS,taylorsophia@example.com,2024-10-29,PREMIUM
131,Jennifer Newton,vwatson@example.net,2022-11-02,PREMIUM
132,Trevor Johnson,fpena@example.net,2024-09-03,REGULAR
133,Michael Stephens,scottsampson@example.com,2024-07-28,VIP
134,Samantha Davis,sandersjames@example.org,2023-04-29,PREMIUM
135,Christine Gallegos,williamsmatthew@example.org,2026-03-27,VIP
136,Charles Lester,brendali@example.org,2021-07-18,VIP
137,Christopher Guerrero,michele22@example.net,2021-09-28,VIP
138,Alexis Baker,alexistyler@example.org,2022-08-07,REGULAR
139,Richard Palmer,vfox@example.org,2022-06-13,REGULAR
140,Susan Hopkins,ngordon@example.org,2024-02-02,REGULAR
141,Dr. Jessica Rodriguez DDS,bschneider@example.org,2025-04-18,VIP
142,Donald Schultz,lammarc@example.org,2026-03-09,VIP
143,Larry Garcia,oscar98@example.com,2022-06-30,REGULAR
144,Jesse Perry,russellbeasley@example.com,2022-05-01,VIP
145,Kara Davis,ronald45@example.org,2022-04-01,PREMIUM
146,Kristie Willis,reynoldsjulie@example.com,2026-04-19,REGULAR
147,Jenny Moon,elizabeth65@example.net,2021-12-16,PREMIUM
148,Brittney Olson,caroline51@example.net,2022-06-11,PREMIUM
149,Renee Bruce,megan51@example.com,2026-04-04,VIP
150,Christopher Park,lynchdiane@example.net,2024-02-24,PREMIUM
151,Andrea Figueroa,michael22@example.net,2021-10-13,REGULAR
153,Brad Ramos,wareeric@example.net,2025-02-16,REGULAR
154,Jose Reed,alawson@example.com,2022-06-19,REGULAR
155,Amber Foster,erika97@example.net,2021-12-27,REGULAR
156,Donna Wilson,harrissierra@example.org,2025-10-02,REGULAR
157,Kathryn Whitaker,ythompson@example.net,2024-07-14,PREMIUM
158,Thomas Atkins,sandersjudy@example.com,2026-06-02,PREMIUM
159,Brian Smith,tberry@example.net,2024-04-14,VIP
160,Anita Richard,lauriemontgomery@example.net,2023-08-04,VIP
161,Eric Morgan,hchapman@example.org,2024-05-09,VIP
162,Susan Bailey,charlesschultz@example.net,2022-10-11,PREMIUM
163,Paige Rios,curtisscott@example.org,2023-01-11,REGULAR
164,Thomas Cunningham,kmarshall@example.net,2024-04-09,REGULAR
165,Rebecca Vargas,edward17@example.com,2024-07-07,REGULAR
166,Dustin Newman,collinsshannon@example.org,2022-04-16,REGULAR
167,Joanna Pacheco,jford@example.net,2023-02-14,VIP
168,Robert Monroe,cassidy82@example.org,2022-03-29,PREMIUM
169,Lisa Cox,benjaminzimmerman@example.com,2023-12-05,VIP
170,Rachel Holland,vortiz@example.net,2022-01-30,VIP
171,Mary Escobar,cody64@example.com,2022-10-20,REGULAR
172,Melissa Myers,christopher25@example.com,2022-03-30,PREMIUM
173,Theresa Osborn,angelica52@example.net,2025-12-31,REGULAR
175,Ryan Garcia,ilee@example.org,2026-02-11,PREMIUM
176,James Martin,stanleynancy@example.net,2022-12-06,PREMIUM
177,Tracy Bishop,xwilliams@example.net,2025-05-04,PREMIUM
178,Cheyenne Gregory,amandacollins@example.com,2026-05-17,REGULAR
179,Jennifer Martin,smurray@example.com,2023-03-22,VIP
180,Kristen Garcia,moniquewilliams@example.com,2025-11-28,VIP
181,Jose Guerra,mitchellkathryn@example.com,2022-04-20,PREMIUM
182,James Brooks,lisawilkerson@example.org,2024-10-21,REGULAR
183,Marie Moody,brooksanthony@example.org,2022-09-10,REGULAR
184,Olivia Harrison,mitchellmaria@example.net,2021-07-26,REGULAR
185,Monica Rose,smithjason@example.org,2022-06-20,REGULAR
186,Riley Bryant,john10@example.org,2022-06-19,VIP
187,Dana Thomas,bcarlson@example.net,2025-03-04,VIP
188,Michael Mills,mendezjohn@example.com,2024-08-03,PREMIUM
189,Jeanette Harrison,ashleyamy@example.net,2024-10-23,VIP
190,Nicholas Fuller,jon05@example.org,2026-06-21,REGULAR
191,Carrie Maxwell,dennis58@example.com,2025-06-22,REGULAR
192,Ricardo Ellis,zwelch@example.org,2024-01-07,REGULAR
193,Eric Sanders,bradleygonzalez@example.org,2026-02-21,PREMIUM
194,Howard Norman,wking@example.net,2024-05-06,PREMIUM
195,Stephanie Hughes,david56@example.com,2023-02-10,VIP
196,Bradley Coleman,xholt@example.net,2025-03-08,PREMIUM
197,Edward Griffin,amymorris@example.org,2025-02-22,VIP
198,Susan Mendez,hannahbell@example.org,2025-03-22,REGULAR
199,Heidi Owen,danielle01@example.net,2022-11-19,REGULAR
200,Austin Osborne,thomascathy@example.com,2024-08-21,PREMIUM
201,Jerry Watson,patrick90@example.net,2025-04-19,REGULAR
202,Donald Horne,berryalyssa@example.com,2021-09-28,VIP
203,Reginald Padilla,victorhughes@example.net,2023-05-07,PREMIUM
204,Benjamin Thompson,heather73@example.org,2025-04-22,REGULAR
205,Michelle Pierce,cochrantammy@example.com,2023-12-29,PREMIUM
206,William Conner,melissa25@example.net,2023-07-15,VIP
207,Robert Arnold,jjohnson@example.net,2022-04-03,VIP
208,Jason Ortiz,parkeryvonne@example.net,2026-05-31,REGULAR
209,Michael Cooper,martinezlogan@example.org,2026-03-18,PREMIUM
210,Amy Martinez,katrinaanderson@example.net,2022-10-28,PREMIUM
211,Kelly Campbell,fred53@example.com,2022-03-12,VIP
212,Lisa Davis,james84@example.org,2022-12-15,VIP
213,Thomas Williams,georgeweber@example.net,2021-10-06,PREMIUM
214,Daniel Armstrong,williamsdarlene@example.net,2021-10-12,VIP
215,Elizabeth Sanchez,ismall@example.com,2024-12-22,VIP
216,John Peterson,shawn02@example.com,2022-09-29,REGULAR
217,Jacob Hoffman,michelle55@example.com,2024-03-27,REGULAR
218,Anthony Dougherty,stevenadams@example.org,2025-01-29,VIP
219,Michelle Lee,sydneybarrera@example.com,2022-11-17,VIP
220,Kathleen Davis,dferrell@example.com,2024-11-12,REGULAR
221,Anthony Simpson,nlevy@example.net,2025-07-11,REGULAR
222,Monica Gallagher,amanda16@example.org,2024-08-19,PREMIUM
223,Dylan Hughes,moralesashley@example.org,2025-05-09,VIP
224,Brent Brooks,marcia99@example.org,2024-05-28,VIP
225,Andrew Williams,kari39@example.net,2024-05-09,VIP
226,Brenda Velazquez,jstone@example.net,2024-03-25,PREMIUM
227,Katie Hicks,phillipjensen@example.com,2025-09-08,VIP
228,Veronica Silva,thomas05@example.com,2021-09-30,REGULAR
229,Mikayla Silva,pbaker@example.net,2022-12-21,VIP
230,Travis Rodriguez,rhernandez@example.org,2021-09-06,VIP
231,Jennifer Hampton,jedwards@example.com,2025-07-14,REGULAR
232,Matthew Fox,thorntonapril@example.net,2024-03-10,PREMIUM
233,Raymond Le,stevepatel@example.net,2023-10-09,REGULAR
234,Courtney Dudley,plee@example.com,2024-01-20,REGULAR
235,Timothy Pope,janet75@example.com,2023-11-06,VIP
236,Tina Ballard,david86@example.com,2023-12-29,PREMIUM
237,Mary Burgess,robertsjennifer@example.com,2023-05-05,PREMIUM
238,Breanna Gilbert,marianelson@example.net,2026-07-07,VIP
239,David Garcia,johnsantiago@example.net,2024-05-01,VIP
240,Joshua Hickman,xgarcia@example.org,2024-12-25,REGULAR
241,Matthew Velez,mwoods@example.com,2022-04-13,VIP
242,Carrie Khan,amandasharp@example.org,2023-01-07,PREMIUM
243,Paul Brennan,osbornrandy@example.com,2023-12-26,REGULAR
244,Frances Gibson,smithashley@example.org,2026-02-21,REGULAR
245,Corey Rodriguez,ismall@example.net,2022-11-26,REGULAR
246,George Phillips,twong@example.org,2023-03-02,REGULAR
247,Kaylee Miller,cherylfowler@example.com,2022-05-02,VIP
248,James Griffin,tinawoods@example.org,2023-10-17,REGULAR
249,Melissa Brown,kevin90@example.com,2022-07-12,VIP
250,Stephanie Padilla,zparker@example.net,2024-03-02,VIP
251,Colleen Anderson,fowlershelia@example.com,2022-10-28,PREMIUM
252,Joshua Ruiz,madkins@example.com,2026-02-04,REGULAR
253,Angela Griffin,kathleenbecker@example.net,2024-08-07,REGULAR
254,Christina Herrera,starkdaniel@example.net,2022-12-03,REGULAR
255,Kevin Davis,melissa71@example.net,2025-11-11,REGULAR
256,Joyce Brown,dstokes@example.org,2025-06-15,VIP
257,Laura Williams,jennifer64@example.org,2024-06-14,REGULAR
258,Mrs. Donna White,weaverbrian@example.org,2022-09-03,REGULAR
259,Susan Bennett,ybrooks@example.com,2026-02-09,PREMIUM
260,Jenna Anderson DVM,desireebailey@example.org,2021-07-20,VIP
261,Kim Morrow,goodsteven@example.net,2023-08-17,PREMIUM
262,Molly Rodriguez,rreed@example.org,2025-02-01,VIP
263,Kyle Warner,allencarlos@example.net,2021-12-08,PREMIUM
264,Nicole Parsons,joymorales@example.org,2022-09-18,VIP
265,Megan Flores,jim95@example.net,2024-02-02,REGULAR
266,Antonio Fry,valerieboyd@example.com,2023-01-05,PREMIUM
267,Megan Floyd,dpeters@example.com,2024-03-26,REGULAR
268,Joshua Allen,trussell@example.com,2023-06-10,PREMIUM
269,Tracy Grant,meredith27@example.org,2022-08-30,VIP
270,Tammy Boone,nsanchez@example.com,2022-04-23,REGULAR
271,Shelly Lopez,brettbennett@example.net,2026-07-09,REGULAR
272,Terry Lewis,timothybooth@example.com,2023-02-20,REGULAR
273,Michele Sanders,burgesskaren@example.org,2023-07-23,PREMIUM
274,Elizabeth Ward,kimberly67@example.net,2025-10-01,REGULAR
275,Erica Harris,ugarcia@example.com,2024-03-08,REGULAR
276,Dean Donovan,owilliams@example.net,2026-06-13,REGULAR
277,Kelly Sanchez,mphillips@example.com,2026-03-16,REGULAR
278,Robert Jackson,jonathan77@example.com,2026-03-04,PREMIUM
279,Kelly Combs,iwhite@example.net,2022-02-25,PREMIUM
280,Michael Smith,duranrobert@example.net,2025-10-28,PREMIUM
281,Lisa Webb,nbrooks@example.net,2025-09-02,VIP
282,Nathan Nichols,smithandrea@example.org,2023-12-17,REGULAR
283,Susan Rodriguez,shawheidi@example.com,2022-05-05,VIP
284,Debra Sanders,johnharvey@example.com,2024-09-11,REGULAR
285,Michael Abbott,pstevens@example.net,2021-10-16,PREMIUM
286,Adam Jackson,sullivannicholas@example.com,2025-10-10,PREMIUM
287,Valerie Jacobson,vnewman@example.net,2021-11-19,VIP
288,Anthony Jones,jasonparrish@example.net,2023-11-28,VIP
289,Laurie Goodwin,whitemelissa@example.org,2024-11-28,PREMIUM
290,Jasmine Mosley,evansanne@example.net,2024-05-05,PREMIUM
291,Kathryn Mccann,icampos@example.net,2021-12-23,PREMIUM
292,Lisa Larson,kimmary@example.com,2024-04-19,VIP
293,Henry Pugh MD,walterskristen@example.com,2026-07-04,VIP
294,Michelle Miller,nmiller@example.com,2022-11-01,PREMIUM
295,Emily Rodriguez,odawson@example.org,2021-07-26,VIP
296,Jeffrey Hawkins,sean41@example.org,2025-11-18,PREMIUM
297,Linda Mueller,fgarcia@example.com,2024-10-18,VIP
298,Kristin Haney,carterpaul@example.org,2023-08-03,VIP
299,Johnny Brown,ginajackson@example.com,2025-03-21,PREMIUM
300,David Weber,robert71@example.com,2023-03-09,PREMIUM
301,Evelyn Oliver,trodriguez@example.org,2024-04-28,REGULAR
302,Frank Valentine,pcook@example.net,2023-03-26,PREMIUM
303,Michael Henry,zedwards@example.com,2026-06-03,PREMIUM
304,Timothy Gonzalez,markramirez@example.com,2026-03-01,PREMIUM
305,Michael Gonzales,erinpierce@example.net,2024-01-01,REGULAR
306,Brenda Turner,fuenteslaura@example.com,2023-09-03,VIP
307,Kyle Aguilar,jennifermccormick@example.org,2026-01-25,PREMIUM
308,Robin Wheeler,ystephens@example.com,2022-03-31,REGULAR
309,Lonnie Hart,mackdiane@example.com,2024-12-02,VIP
310,Daniel Burgess,tammy61@example.org,2026-04-08,REGULAR
311,Kathryn Cooper,seanmyers@example.net,2021-09-24,REGULAR
312,Todd Thomas,agarcia@example.org,2024-03-05,VIP
313,Brent Bowen,stanley38@example.com,2025-05-15,REGULAR
314,Maria Byrd,carlos01@example.org,2022-12-02,REGULAR
315,Tina Hall,zacharyarnold@example.com,2024-12-19,REGULAR
316,Lucas Gonzalez,jacobsandoval@example.com,2025-03-05,PREMIUM
317,Michael Flynn,nsmith@example.org,2026-06-07,REGULAR
318,Jim Baker,lloydamanda@example.com,2025-09-07,VIP
319,Harold Ellis,candice96@example.net,2022-12-28,REGULAR
320,Bruce Torres,samantha91@example.net,2023-01-29,REGULAR
321,Laura Henderson,heather86@example.com,2025-08-30,PREMIUM
322,Ryan Harvey,angelaburns@example.org,2024-07-29,PREMIUM
323,Kathy Simpson,washingtonjames@example.com,2025-09-14,VIP
324,Keith Flynn,cmckinney@example.com,2023-05-26,VIP
325,Jim Newton,antonio38@example.com,2025-09-25,VIP
326,Holly Carson,armstrongjoseph@example.net,2021-11-16,VIP
327,Martha Wright,bpayne@example.org,2021-10-18,VIP
328,Autumn Cain,fbaker@example.com,2023-04-23,REGULAR
329,Rachel Li,michelle96@example.org,2022-01-10,VIP
330,Michael Roberts,amanda98@example.org,2023-10-18,PREMIUM
331,Wendy Camacho,taylorkaren@example.com,2022-08-08,VIP
332,Megan Burns,johndawson@example.org,2026-06-07,VIP
333,Sheryl Davis,courtney67@example.org,2025-11-27,REGULAR
334,Aaron Schroeder,heather57@example.com,2022-04-25,PREMIUM
335,Rebecca Sanders,sreid@example.com,2025-03-05,PREMIUM
336,Kenneth Knight,troymorris@example.com,2025-08-25,PREMIUM
337,Sara Smith,patricia00@example.org,2022-11-12,PREMIUM
338,Susan Khan MD,bbryant@example.org,2023-11-08,VIP
339,Mariah Williams,penajohn@example.com,2024-02-14,PREMIUM
340,John Anderson,rubendavis@example.org,2023-06-12,VIP
341,Virginia Henderson,ssmith@example.com,2022-08-24,PREMIUM
342,Ashley Edwards,yjones@example.org,2024-01-25,VIP
343,Megan Jones,patrickli@example.org,2026-04-25,PREMIUM
344,Lori Hernandez,bishopfrank@example.com,2025-01-09,REGULAR
345,Bryce Blair,fheath@example.org,2024-07-06,PREMIUM
346,Bradley Tran,iedwards@example.org,2023-12-12,PREMIUM
347,Lawrence Lopez,abbottdominique@example.com,2024-11-08,VIP
348,Jonathan Wheeler,debbie37@example.com,2026-01-06,REGULAR
349,Ryan Fisher,hatfieldsarah@example.org,2026-03-03,PREMIUM
350,Austin Baker,kathrynbest@example.org,2021-11-10,REGULAR
351,Kathryn Perry,fryraymond@example.com,2024-12-10,PREMIUM
352,Eric Dixon,davidsonamanda@example.org,2023-04-02,VIP
353,Marie Day,amandamyers@example.net,2024-02-28,PREMIUM
354,Tim Wilson,pblair@example.org,2021-12-27,VIP
355,Meredith Martin,elizabeth21@example.org,2024-06-21,REGULAR
356,Patricia Johnson,gary24@example.net,2025-03-04,PREMIUM
357,Jesse Ward,alexandria49@example.net,2025-10-09,REGULAR
358,Megan Wilson,michaelscott@example.org,2025-11-06,VIP
359,Jack Mora,williamsmichelle@example.org,2023-01-17,PREMIUM
360,Courtney Wright,tranrobin@example.net,2024-03-30,REGULAR
361,Stephanie White,margaret95@example.org,2025-11-28,PREMIUM
362,Patricia Collins,finleycasey@example.com,2022-04-04,PREMIUM
363,Elizabeth Dean,msmith@example.com,2025-06-20,PREMIUM
364,Paige Sanchez,brittany73@example.net,2021-07-29,VIP
365,Melissa Smith,ijohnson@example.com,2024-05-15,VIP
366,Ashley Moreno,blakenicholas@example.net,2023-07-19,PREMIUM
367,Anna Morse,dvasquez@example.org,2025-12-10,PREMIUM
368,Angela Davis,xhaynes@example.com,2022-08-28,REGULAR
369,Victor Young,kjones@example.org,2023-09-28,REGULAR
370,David Harding,sara65@example.com,2022-09-05,VIP
371,Bryan Howard,moorefrank@example.com,2023-04-16,VIP
372,Robert Torres,qparker@example.org,2021-11-12,REGULAR
373,Tracy Foster,marymurphy@example.org,2021-12-09,PREMIUM
374,Kristi Pierce,jorge20@example.com,2022-04-30,VIP
375,Antonio Norman,ygarcia@example.org,2023-05-31,REGULAR
376,Maria Aguilar,jamesmorales@example.net,2023-09-22,PREMIUM
377,Carl Stein,johnsoncaleb@example.net,2024-05-05,REGULAR
378,Jessica Ramsey,williamssteven@example.org,2025-09-28,VIP
379,Cody Ramirez,reyesronald@example.com,2022-10-14,PREMIUM
380,Jason Pierce,mendezchristina@example.net,2022-01-15,REGULAR
381,Rebecca Wright,ramirezderrick@example.org,2026-02-23,VIP
382,Richard Cooper,mayokimberly@example.com,2026-05-02,VIP
383,Alyssa Cochran,paul20@example.com,2023-11-29,PREMIUM
384,Yvonne Dickson,stokesthomas@example.com,2022-05-17,REGULAR
385,Zachary Robinson,dianeadams@example.net,2024-10-28,PREMIUM
386,Renee Wolfe,savannah22@example.org,2021-10-05,PREMIUM
387,Sara Cochran,stacey92@example.net,2025-09-16,REGULAR
388,Daniel Fox,gregory01@example.org,2021-07-12,PREMIUM
389,Tamara Richard,samantha32@example.com,2024-04-10,REGULAR
390,Sarah Valencia,johnsonbrenda@example.org,2022-02-20,REGULAR
391,Frank Daugherty,janet69@example.org,2025-03-28,VIP
392,Melissa Mcfarland,lbanks@example.net,2024-07-22,REGULAR
393,Michael Anderson,elizabetholsen@example.com,2021-07-15,PREMIUM
394,Lance Mccall,xrosales@example.net,2023-05-27,REGULAR
395,Gregory Flores,zunigadonald@example.net,2022-04-11,PREMIUM
396,Hayley Buchanan,sean43@example.org,2021-07-13,VIP
397,Katherine Gray,cruzjessica@example.org,2026-03-02,VIP
398,Melissa Martin,egarcia@example.net,2022-02-24,PREMIUM
399,Christopher Bennett,phillipslucas@example.org,2022-02-28,VIP
400,Jessica Valdez,morgantricia@example.com,2025-03-20,PREMIUM
401,Julian Frost,brianrivera@example.org,2026-02-12,REGULAR
402,Kenneth Larsen,donna43@example.org,2022-10-30,VIP
403,Lori Castillo,wardronald@example.com,2022-05-07,REGULAR
404,Brian Glover,clarkdanielle@example.org,2025-07-12,PREMIUM
405,Jasmine Watson,qjacobson@example.org,2024-10-07,REGULAR
406,Darrell Adams,jacob04@example.com,2022-01-17,VIP
407,Rhonda Gutierrez,karencontreras@example.org,2023-06-16,REGULAR
408,Melissa Mayer,randallloretta@example.com,2026-05-24,VIP
409,Kenneth Black,thomasmiller@example.net,2026-05-20,PREMIUM
410,Carol Lewis,davidtodd@example.org,2023-02-28,PREMIUM
411,Zachary Burton,bradmiller@example.net,2023-09-19,VIP
412,Kristen Gates,renee11@example.com,2025-12-10,REGULAR
413,Kelly Barnes,astark@example.net,2025-01-17,PREMIUM
414,Kristine Garcia,eddiematthews@example.org,2023-12-15,VIP
415,Mr. Andrew Hill,natalie46@example.net,2022-09-29,REGULAR
416,Patrick Mccall,vwilliams@example.net,2024-09-09,VIP
417,John Horton,morganlaura@example.com,2022-05-11,REGULAR
418,Erica Daniel,dennismccann@example.com,2022-04-13,REGULAR
419,Olivia Camacho,scottmcintyre@example.com,2021-12-31,REGULAR
420,Samuel Suarez,cameronmckinney@example.com,2021-10-07,VIP
421,Jesus Hull,jameswhitaker@example.org,2023-03-20,VIP
422,Becky Johnson,micheal78@example.com,2024-09-09,PREMIUM
423,Hannah Martin,lwheeler@example.com,2023-09-21,VIP
424,Penny Lewis,mitchellpaul@example.org,2023-05-28,PREMIUM
425,Sharon Coffey,ericaadams@example.com,2021-08-06,VIP
426,Alejandra King,pbuck@example.org,2024-02-14,PREMIUM
427,John Byrd,rodney65@example.com,2024-11-24,REGULAR
428,Linda Campbell,smithyvonne@example.com,2022-06-10,VIP
429,Donald Douglas,rbrown@example.net,2024-01-24,PREMIUM
430,Rebekah Greene,edwardcannon@example.org,2024-03-28,REGULAR
431,Jason Price,jenniferrios@example.com,2021-10-27,VIP
432,Rachel Knox,matthewreeves@example.net,2024-07-27,REGULAR
433,Carl Green,megan82@example.com,2026-04-11,VIP
434,Henry Garner,staceylam@example.net,2024-02-19,VIP
435,Edward York,vfrench@example.com,2025-07-10,REGULAR
436,Steve Mason,delacruzbrandy@example.net,2024-10-07,VIP
437,William Orozco,robert22@example.org,2025-05-31,PREMIUM
438,Mr. Christopher Walters,lesliebaldwin@example.org,2021-07-24,VIP
439,Brooke Glover,whill@example.org,2022-04-09,PREMIUM
440,John Smith,christinaschultz@example.com,2026-01-23,PREMIUM
441,Kiara Smith,jessicadodson@example.com,2021-07-22,PREMIUM
442,James Chapman,jeremywiley@example.com,2022-12-10,REGULAR
443,Joseph Warren,colonkenneth@example.com,2025-03-18,PREMIUM
444,Carmen Meadows,matthewvalenzuela@example.com,2024-12-14,PREMIUM
445,Alex Wagner,perezjessica@example.org,2022-07-27,PREMIUM
446,Joseph Williams,jennifer06@example.net,2021-12-06,VIP
447,Jeremy Martinez,valdezandrew@example.net,2023-09-03,REGULAR
448,Alexandra Fisher,nmiles@example.net,2022-05-19,PREMIUM
449,Lisa Campbell,cindy26@example.org,2022-06-05,PREMIUM
450,Valerie Howard,mgonzalez@example.com,2025-01-03,REGULAR
451,Karen Young,ethan87@example.org,2021-08-18,VIP
452,Travis Chan Jr.,meadowsmary@example.net,2022-05-20,REGULAR
453,Brett Thompson,dawn74@example.com,2021-11-09,PREMIUM
454,Samuel Zamora,michael56@example.net,2021-08-09,PREMIUM
455,Tina Adams,elizabethjackson@example.com,2022-04-24,REGULAR
456,Jesus Houston,lisa21@example.com,2025-08-03,VIP
457,Michael Brown,zbanks@example.org,2022-11-17,PREMIUM
458,Catherine James,perrybrittany@example.net,2024-07-28,VIP
459,Bianca Knapp,huffmannichole@example.net,2022-06-25,REGULAR
460,Alexandria Oneill,ealexander@example.com,2025-12-26,VIP
461,Melissa Montgomery,tiffanysantiago@example.com,2025-03-15,VIP
462,Ryan Grant,timothyalvarado@example.net,2021-12-26,VIP
464,Mason Powell,john40@example.net,2023-07-10,REGULAR
465,Jonathan Stewart,stevenslaurie@example.com,2025-10-02,REGULAR
466,Samantha Conner,garciarobert@example.net,2024-02-11,REGULAR
467,Anthony Walker,diamondbryant@example.com,2025-05-21,VIP
468,Heidi Chavez,ann99@example.com,2022-05-08,VIP
469,Dorothy Boyd,aaronkelly@example.net,2022-06-05,PREMIUM
470,Jennifer King,princetravis@example.net,2023-03-10,REGULAR
471,Richard Love,davidphelps@example.org,2022-06-09,REGULAR
472,Patricia Hayes,owilliams@example.net,2025-10-23,VIP
473,Timothy Roberson,tamarasmith@example.net,2025-08-18,REGULAR
474,Matthew Obrien,heatherthompson@example.org,2024-04-04,PREMIUM
475,Denise Stuart,mbarnes@example.net,2024-01-09,PREMIUM
476,Stacey Hunt,iballard@example.com,2026-03-07,VIP
477,Miguel Parks,jennifer83@example.org,2022-08-26,REGULAR
478,Paige Hart,williambenson@example.com,2026-06-24,PREMIUM
479,Jenny Smith,icraig@example.com,2022-06-05,VIP
480,Paul Martin,jamesbrian@example.org,2023-12-17,PREMIUM
481,Amanda Cervantes,dwayne04@example.org,2022-05-24,PREMIUM
482,Rebecca Horton,juliahoffman@example.org,2021-12-02,PREMIUM
483,Juan Smith,yhughes@example.net,2023-08-29,VIP
484,Susan Bush,christinenorman@example.com,2024-08-25,PREMIUM
485,William Jones,kimberlybrandt@example.com,2022-12-31,VIP
486,Christopher Singleton,bennettroy@example.net,2021-07-27,PREMIUM
487,Linda Ayala,steven20@example.org,2024-01-31,PREMIUM
488,Michael Fox,jtyler@example.com,2023-02-01,VIP
489,Anna Walker,hartmanerik@example.net,2023-05-03,PREMIUM
490,Yesenia Colon,mark43@example.net,2021-08-06,VIP
491,Lisa Haley,caldwellsean@example.net,2024-04-02,VIP
492,Nathaniel Johnson,hmoon@example.com,2025-12-01,PREMIUM
493,Steven Lee,willie87@example.com,2025-11-22,REGULAR
494,Lori Clark,vaughangary@example.net,2023-05-03,VIP
495,Sherry Figueroa,nhouston@example.net,2025-03-23,REGULAR
496,Amanda Jones,burgesseric@example.com,2023-01-14,PREMIUM
497,Jerry Sullivan,angela93@example.com,2024-03-19,PREMIUM
499,Richard Turner,haynescharles@example.net,2022-04-04,VIP
500,Amanda Moore,kathy76@example.com,2023-05-24,REGULAR
